epoch,binary_accuracy,loss,lr,val_binary_accuracy,val_loss
0,0.9985489635513379,0.004667905353646627,0.001,0.9978002575727609,0.008980640068721886
